"Period","intercept","slope"
"pre","2.20057119604482","-4.68935378979075"
"GR","1.7360094029249","-4.32534568890391"
"COVID","2.7977678680271","-3.9726957363143"
