"intercept","slope"
2.08814996988211,-3.98717165692609
