"Period","intercept","slope"
"pre","2.20057119604482","-4.68935378979075"
"GR","1.7360094029249","-3.62759532468856"
"COVID","2.10001750381174","-3.27494537209895"
