"Period","intercept","coef"
"2006-2020",0.488803488719292,-1.03223392947602
"2006-2008",0.544619821149842,-1.14307881404422
"2008-2020",0.424904394017869,-0.968361720519987
"2020-2025",0.478030582053261,-0.908014952927849
