"Period","intercept","coef"
"2006-2020",0.00488803488719291,-0.0103223392947603
"2006-2008",0.00544619821149842,-0.011430788140442
"2008-2020",0.00424904394017869,-0.00968361720519959
"2020-2025",0.00478030582053234,-0.00908014952927822
